"","Cruise","StationID","SAMPLE_ID","Sample_Name_Final","Location","Depth_m","BottomDepth_m_","Date_yyyy_mm_dd_","Lat_dd_ddddN_","Lon_dd_ddddE_","Transect","Month","Water","Season","Year","Distance_from_glacier","Nut_Sample_ID","Salinity_PSU","NO3_uM","NO2_uM","PO4_uM","NH3_uM","SiO4_uM","Station_SCM","Temp_C","CTD.depth","Dis_O2_Conc","Turbidity_NTU","ChlA_ug_L","N2","rho","iso.NO3_uM","d15N","d15N_stdev","d18O_mean","d18O_stdev","iso_submission_confirmation","mapping.DFG","Glacier_name","Environment.type","mapping.depth","Glacial.status","layer","layer.dfg","upwelling.3"
"1","V2108","BL1","BL1_2","Belcher_1_30_2021","Belcher Glacier",30,"145","8/21/21","75.65578","-81.33015","Belcher","August","Marine","Summer",2021,0.318,"BL1_2","31.82733467","0","0","0.4","0.02","0.95","28.762","0.940019897","30.5","381.9870197","0.854459358","2.570754774","0.000305667","1025.646942","-","-","-","-","-","yes","<3","Belcher","Strongly Tidewater-Glacier-Influenced","0-50 m","Strongly Tidewater-Glacier-Influenced","No Upwelling, 0-50m","No upwelling, upper 50m, within 5km","No upwelling"
"2","V2108","BL1","BL1_1","Belcher_1_5_2021","Belcher Glacier",5,"145","8/21/21","75.65578","-81.33015","Belcher","August","Marine","Summer",2021,0.318,"BL1_1","31.2474477","0.09","0.01","0.4","0","0.79","28.762","1.67604851","5","382.9705175","0.958994085","0.37694723","0.000182263","1025.015767","-","-","-","-","-","yes","<3","Belcher","Strongly Tidewater-Glacier-Influenced","0-50 m","Strongly Tidewater-Glacier-Influenced","No Upwelling, 0-50m","No upwelling, upper 50m, within 5km","No upwelling"
"3","V2108","BL11","BL11_2","Belcher_11_30_2021","Belcher Glacier",30,"324","8/22/21","75.66462","-81.08927","Belcher","August","Marine","Summer",2021,6.708,"BL11_2","31.71394446","0.46","0","0.47","0.19","1.48","29.841","1.238886972","30","376.7966396","0.598373875","2.527075866","0.00014913","1025.535697","-","-","-","-","-","yes","3>x<10","Belcher","Strongly Tidewater-Glacier-Influenced","0-50 m","Strongly Tidewater-Glacier-Influenced","No Upwelling, 0-50m","No upwelling, upper 50m, beyond 5km","No upwelling"
"4","V2108","BL11","BL11_3","Belcher_11_5_2021","Belcher Glacier",5,"324","8/22/21","75.66462","-81.08927","Belcher","August","Marine","Summer",2021,6.708,"BL11_3","31.18050132","0.06","0","0.41","0","0.57","29.841","1.133510763","5","381.4129525","0.682943633","0.866065285","0.000397384","1024.995214","-","-","-","-","-","yes","3>x<10","Belcher","Strongly Tidewater-Glacier-Influenced","0-50 m","Strongly Tidewater-Glacier-Influenced","No Upwelling, 0-50m","No upwelling, upper 50m, beyond 5km","No upwelling"
"5","V2108","BL13","BL13_2","Belcher_13_35_2021","Belcher Glacier",35,"289","8/22/21","75.67462","-81.02992","Belcher","August","Marine","Summer",2021,8.494,"BL13_2","31.52480294","0.68","0.01","0.51","0.14","1.82","35.87","1.42080796","35","379.4075594","0.540062089","2.125993417","0.000286671","1025.396434","-","-","-","-","-","yes","3>x<10","Belcher","Strongly Tidewater-Glacier-Influenced","0-50 m","Strongly Tidewater-Glacier-Influenced","No Upwelling, 0-50m","No upwelling, upper 50m, beyond 5km","No upwelling"
"6","V2108","BL13","BL13_3","Belcher_13_5_2021","Belcher Glacier",5,"289","8/22/21","75.67462","-81.02992","Belcher","August","Marine","Summer",2021,8.494,"BL13_3","31.14401656","0.29","0","0.41","0.07","1.39","35.87","2.060753978","5","368.2681332","0.27277758","0.385233029","0.000176555","1024.906994","-","-","-","-","-","yes","3>x<10","Belcher","Strongly Tidewater-Glacier-Influenced","0-50 m","Strongly Tidewater-Glacier-Influenced","No Upwelling, 0-50m","No upwelling, upper 50m, beyond 5km","No upwelling"
"7","V2108","BL14","BL14_2","Belcher_14_30_2021","Belcher Glacier",30,"345","8/21/21","75.68463","-80.9719","Belcher","August","Marine","Summer",2021,10.312,"BL14_2","31.75418999","0.22","0.03","0.48","0.02",NA,"32.855","1.362193021","30","386.9671716","0.572567102","3.516633236","7.48E-06","1025.560269","-","-","-","-","-","no",">10","Belcher","Strongly Tidewater-Glacier-Influenced","0-50 m","Strongly Tidewater-Glacier-Influenced","No Upwelling, 0-50m","No upwelling, upper 50m, beyond 5km","No upwelling"
"8","V2108","BL14","BL14_3","Belcher_14_5_2021","Belcher Glacier",5,"345","8/21/21","75.68463","-80.9719","Belcher","August","Marine","Summer",2021,10.312,"BL14_3","31.46046751","0","0","0.37","0.03","0.69","32.855","1.856586641","5","381.6060925","0.265880515","0.99220736","0.000120245","1025.174203","-","-","-","-","-","no",">10","Belcher","Strongly Tidewater-Glacier-Influenced","0-50 m","Strongly Tidewater-Glacier-Influenced","No Upwelling, 0-50m","No upwelling, upper 50m, beyond 5km","No upwelling"
"9","V2108","BL3","BL3_2","Belcher_3_45_2021","Belcher Glacier",45,"233","8/21/21","75.65815","-81.29533","Belcher","August","Marine","Summer",2021,1.006,"BL3_2","31.83496","0.24","0.01","0.45","0.1",NA,"43.993","1.077899621","45","380.9004869","0.531153453","2.675446389","0.000115209","1025.714085","-","-","-","-","-","yes","<3","Belcher","Strongly Tidewater-Glacier-Influenced","0-50 m","Strongly Tidewater-Glacier-Influenced","No Upwelling, 0-50m","No upwelling, upper 50m, within 5km","No upwelling"
"10","V2108","BL3","BL3_3","Belcher_3_5_2021","Belcher Glacier",5,"233","8/21/21","75.65815","-81.29533","Belcher","August","Marine","Summer",2021,1.006,"BL3_3","31.25353593","0.11","0.01","0.41","0","0.67","43.993","1.715842738","5","383.0162864","0.977264867","0.513086377","8.62E-05","1025.018047","-","-","-","-","-","yes","<3","Belcher","Strongly Tidewater-Glacier-Influenced","0-50 m","Strongly Tidewater-Glacier-Influenced","No Upwelling, 0-50m","No upwelling, upper 50m, within 5km","No upwelling"
"11","V2108","BL5","BL5_2","Belcher_5_20_2021","Belcher Glacier",20,"254","8/22/21","75.65867","-81.26293","Belcher","August","Marine","Summer",2021,1.896,"BL5_2","31.53231306","0.12","0","0.4","0","0.77","45.968","1.36350938","20","383.3011016","0.646054447","2.246921308","0.000114992","1025.335068","-","-","-","-","-","yes","<3","Belcher","Strongly Tidewater-Glacier-Influenced","0-50 m","Strongly Tidewater-Glacier-Influenced","No Upwelling, 0-50m","No upwelling, upper 50m, within 5km","No upwelling"
"12","V2108","BL5","BL5_3","Belcher_5_5_2021","Belcher Glacier",5,"254","8/22/21","75.65867","-81.26293","Belcher","August","Marine","Summer",2021,1.896,"BL5_3","31.33391051","0.05","0","0.4","0","0.69","45.968","1.748278832","5","381.4199347","0.838926928","1.294516269","0.000157362","1025.080269","-","-","-","-","-","yes","<3","Belcher","Strongly Tidewater-Glacier-Influenced","0-50 m","Strongly Tidewater-Glacier-Influenced","No Upwelling, 0-50m","No upwelling, upper 50m, within 5km","No upwelling"
"13","V2108","BL9","BL9_2","Belcher_9_30_2021","Belcher Glacier",30,"306","8/22/21","75.65992","-81.16727","Belcher","August","Marine","Summer",2021,4.532,"BL9_2","31.60568179","0.24","0","0.46","0.09","1.11","35.855","1.400756085","30","372.3810824","0.539160249","2.149383198","7.59E-05","1025.438804","-","-","-","-","-","yes","3>x<10","Belcher","Strongly Tidewater-Glacier-Influenced","0-50 m","Strongly Tidewater-Glacier-Influenced","No Upwelling, 0-50m","No upwelling, upper 50m, within 5km","No upwelling"
"14","V2108","BL9","BL9_1","Belcher_9_5_2021","Belcher Glacier",5,"306","8/22/21","75.65992","-81.16727","Belcher","August","Marine","Summer",2021,4.532,"BL9_1","31.02932757","0.52","0.02","0.39","0","0.64","35.855","0.820197463","5","376.0644794","0.681910536","0.703516749","0.000381654","1024.890768","-","-","-","-","-","yes","3>x<10","Belcher","Strongly Tidewater-Glacier-Influenced","0-50 m","Strongly Tidewater-Glacier-Influenced","No Upwelling, 0-50m","No upwelling, upper 50m, within 5km","No upwelling"
"15","V2208","BL1-B","BL1_B4","Belcher_1_40_2022","Belcher Glacier",40,"260","8/12/22","75.65833","-81.32648","Belcher- out","August","Marine","Summer",2022,0.151,"V2208_BL1_B_4","32.61191273","7.32","0.09","0.96","0.44","13.86",NA,"-1.383979797","40","335.4611867","2.754923503","0.405893962","3.97E-05","1026.427084","7.32","6.65","0.08","1.38","0.13","yes","<3","Belcher","Strongly Tidewater-Glacier-Influenced","0-50 m","Strongly Tidewater-Glacier-Influenced","Upwelling, 0-50m","Upwelling, upper 50m, within 5km","Upwelling"
"16","V2208","BL6_B","BL6_B6","Belcher_6_45_2022","Belcher Glacier",45,"323","8/10/22","75.66123","-81.15945","Belcher- out","August","Marine","Summer",2022,4.753,"V2208_BL6_B_6","32.44581117","5.33","0.08","0.86","0.51","11.05",NA,"-1.233189053","45","353.3278529","1.60418023","1.43617079","2.53E-05","1026.31215","5.33","6.87","0.18","2.44","0.24","yes","3>x<10","Belcher","Strongly Tidewater-Glacier-Influenced","0-50 m","Strongly Tidewater-Glacier-Influenced","Upwelling, 0-50m","Upwelling, upper 50m, within 5km","Upwelling"
"17","A2108","JS27","JS27_20","Grise_Fiord_27_20_2021","Grise Fiord",20,"45","8/15/21","76.66462","-83.40184","Grise_Fiord_out","August","Marine","Summer",2021,11.96,"JS27_20","31.18428808","1.55","0.01","0.25","1.05","2.32",NA,"0.34579121","20","363.5355749","0.318251176","0.549588753","0.000385629","1025.112188","-","-","-","-","-","no",">10","Grise","No Tidewater Glacier Influence","0-50 m","No Tidewater Glacier Influence","No Upwelling, 0-50m","No upwelling, upper 50m, beyond 5km","No upwelling"
"18","A2108","JS27","JS27_5","Grise_Fiord_27_5_2021","Grise Fiord",5,"45","8/15/21","76.66462","-83.40184","Grise_Fiord_out","August","Marine","Summer",2021,11.96,"JS27_5","27.34605552","0","0","0.2","0.29","2.39",NA,"2.900628177","5","320.2981985","0.707150546","0.739661477","0.00888575","1021.817288","-","-","-","-","-","yes",">10","Grise","No Tidewater Glacier Influence","0-50 m","No Tidewater Glacier Influence","No Upwelling, 0-50m","No upwelling, upper 50m, beyond 5km","No upwelling"
"19","A2108","JS28","JS28_5","Grise_Fiord_28_5_2021","Grise Fiord",5,"65","8/16/21","76.65729","-83.37895","Grise_Fiord_out","August","Marine","Summer",2021,12.97,"JS28_5","27.69931779","0","0.01","0.32","0.55","2.16",NA,"2.821365125","5","323.358464","0.311344956","0.606815223","0.007956209","1022.104168","-","-","-","-","-","yes",">10","Grise","No Tidewater Glacier Influence","0-50 m","No Tidewater Glacier Influence","No Upwelling, 0-50m","No upwelling, upper 50m, beyond 5km","No upwelling"
"20","V2208","S12","Stn12_4","Grise_Fiord_S12_25_2022","Grise Fiord",25,"62","8/4/22","76.6621","-83.37883","Grise Fiord-out","August","Marine","Summer",2022,124.199,"V2208_S12_4","30.89070383","1.01","0.04","0.61","1.02","3.16",NA,"-0.26682226","25","385.6883541","0.011484597","0.162314398",NA,"1024.925299","1.01","5.82","-","3.28","-","yes",">10","Grise","No Tidewater Glacier Influence","0-50 m","No Tidewater Glacier Influence","No Upwelling, 0-50m","No upwelling, upper 50m, beyond 5km","No upwelling"
"21","V2208","S12","Stn12_2","Grise_Fiord_S12_50_2022","Grise Fiord",50,"62","8/4/22","76.6621","-83.37883","Grise Fiord-out","August","Marine","Summer",2022,124.199,"V2208_S12_2","32.47","1.4","0.05","0.67","0.97","4.37",NA,"-1.248853048","50","354.6563428","1.394419352","1.169987996",NA,"1026.349577","1.4","8.23","-","2.46","-","yes",">10","Grise","No Tidewater Glacier Influence","0-50 m","No Tidewater Glacier Influence","No Upwelling, 0-50m","No upwelling, upper 50m, beyond 5km","No upwelling"
"22","V2208","S13","Stn13_6","Grise_Fiord_S13_30_2022","Grise Fiord",30,"163","8/4/22","76.59278","-83.20113","Grise Fiord-out","August","Marine","Summer",2022,115.257,"V2208_S13_6","31.33804727","0.16","0.01","0.52","0.53","1.22",NA,"-0.452560425","30","394.7431793","0.086212158","0.582204183","0.000311781","1025.317496","-","-","-","-","-","yes",">10","Grise","No Tidewater Glacier Influence","0-50 m","No Tidewater Glacier Influence","No Upwelling, 0-50m","No upwelling, upper 50m, beyond 5km","No upwelling"
"23","V2208","S13","Stn13_8","Grise_Fiord_S13_5_2022","Grise Fiord",5,"163","8/4/22","76.59278","-83.20113","Grise Fiord-out","August","Marine","Summer",2022,115.257,"V2208_S13_8","28.23546298","0","0","0.4","0.43","0.9",NA,"0.867538452","5","348.5359713","0.315979004","0.181846619","0.016385876","1022.644799","-","-","-","-","-","yes",">10","Grise","No Tidewater Glacier Influence","0-50 m","No Tidewater Glacier Influence","No Upwelling, 0-50m","No upwelling, upper 50m, beyond 5km","No upwelling"
"24","A2108","JS39","JS39_5","Harbour_39_5_2021","Harbour",5,"17","8/23/21","76.65457","-84.30954","Harbour_out","August","Marine","Summer",2021,0,"JS39_5","29.77235062","0.04","0","0.45","1.01","2.17","16.5","1.946061915","5","333.2759342","0.168713194","0.430421078","0.008229234","1023.817801","-","-","-","-","-","no","<3","Harbour","No Tidewater Glacier Influence","0-50 m","No Tidewater Glacier Influence","No Upwelling, 0-50m","No upwelling, upper 50m, within 5km","No upwelling"
"25","A2108","JS40","JS40_20","Harbour_40_20_2021","Harbour",20,"100","8/16/21","76.63211","-84.28867","Harbour_out","August","Marine","Summer",2021,24.847,"JS40_20","31.64693614","2.77","0.03","0.71","0.71","4.75","0.5","0.394337856","20","389.2011423","0.198801676","0.301582105","0.000258283","1025.48249","-","-","-","-","-","yes",">10","Harbour","No Tidewater Glacier Influence","0-50 m","No Tidewater Glacier Influence","No Upwelling, 0-50m","No upwelling, upper 50m, beyond 5km","No upwelling"
"26","A2108","JS40","JS40_5","Harbour_40_5_2021","Harbour",5,"50","8/23/21","76.64662","-84.28867","Harbour_out","August","Marine","Summer",2021,1.033,"JS40_5","30.27611087","0","0","0.48","0.62","2.15","0.5","1.643485907","5","340.6272517","0.047911673","0.374512644","0.004585068","1024.239798","-","-","-","-","-","yes","<3","Harbour","No Tidewater Glacier Influence","0-50 m","No Tidewater Glacier Influence","No Upwelling, 0-50m","No upwelling, upper 50m, within 5km","No upwelling"
"27","A2108","JS3","JS3_20","Jakeman_3_20_2021","Jakeman",20,"130","8/8/21","76.42742","-81.05199","Jakeman_practice","August","Marine","Summer",2021,4.657,"JS3_20","31.82106456","0.36","0.02","0.57",NA,"1.54",NA,"0.719244755","20","349.8900216","0.197370125","0.899887085","0.000301476","1025.604423","-","-","-","-","-","no","3>x<10","Jakeman","Weakly Tidewater-Glacier-Influenced","0-50 m","Weakly Tidewater-Glacier-Influenced","No Upwelling, 0-50m","No upwelling, upper 50m, within 5km","No upwelling"
"28","A2108","JS3","JS3_5","Jakeman_3_5_2021","Jakeman",5,"130","8/8/21","76.42742","-81.05199","Jakeman_practice","August","Marine","Summer",2021,4.657,"JS3_5","30.89594546","0","0.01","0.41","0.1","1.19",NA,"2.248701153","5","350.2945871","0.587770404","0.113470829","0.000950625","1024.695402","-","-","-","-","-","yes","3>x<10","Jakeman","Weakly Tidewater-Glacier-Influenced","0-50 m","Weakly Tidewater-Glacier-Influenced","No Upwelling, 0-50m","No upwelling, upper 50m, within 5km","No upwelling"
"29","A2108","JS40b","JS40b_20","Jakeman_40b_20_2021","Jakeman",20,"49","8/28/21","76.44554","-80.91896","Jakeman_out","August","Marine","Summer",2021,0.652,"JS40b_20","32.11347287","0.57","0","0.62","1.11","3.4","0.5","0.445811994","20","307.9790216","0.570171934","0.354394393","0.000213758","1025.854197","-","-","-","-","-","yes","<3","Jakeman","Weakly Tidewater-Glacier-Influenced","0-50 m","Weakly Tidewater-Glacier-Influenced","No Upwelling, 0-50m","No upwelling, upper 50m, within 5km","No upwelling"
"30","A2108","JS40b","JS40b_5","Jakeman_40b_5_2021","Jakeman",5,"49","8/28/21","76.44554","-80.91896","Jakeman_out","August","Marine","Summer",2021,0.652,"JS40b_5","31.26007369","0.57","0.01","0.44","0.76","2.56","0.5","1.954993277","5","309.257725","2.797477029","0.726048325","0.000176034","1025.007142","-","-","-","-","-","no","<3","Jakeman","Weakly Tidewater-Glacier-Influenced","0-50 m","Weakly Tidewater-Glacier-Influenced","No Upwelling, 0-50m","No upwelling, upper 50m, within 5km","No upwelling"
"31","A2108","JS 41b","JS41b_20","Jakeman_41b_20_2021","Jakeman",20,"62","8/28/21","76.44192","-80.93029","Jakeman_out","August","Marine","Summer",2021,1.14,"JS41b_20","31.8080186","1.82","0.03","0.72","1.27","3.68","1.5","1.072257764","20","317.5607751","0.869598389","0.460146586","0.000449241","1025.573818","1.82","6.05","-","7.87","-","yes","<3","Jakeman","Weakly Tidewater-Glacier-Influenced","0-50 m","Weakly Tidewater-Glacier-Influenced","No Upwelling, 0-50m","No upwelling, upper 50m, within 5km","No upwelling"
"32","A2108","JS 41b","JS41b_5","Jakeman_41b_5_2021","Jakeman",5,"62","8/28/21","76.44192","-80.93029","Jakeman_out","August","Marine","Summer",2021,1.14,"JS41b_5","31.30293727","0.43","0.01","0.44","0","2.54","1.5","1.932057583","5","319.6143976","2.058244647","0.901655949","0.000136336","1025.043014","-","-","-","-","-","yes","<3","Jakeman","Weakly Tidewater-Glacier-Influenced","0-50 m","Weakly Tidewater-Glacier-Influenced","No Upwelling, 0-50m","No upwelling, upper 50m, within 5km","No upwelling"
"33","A2108","JS42b","JS42b_5","Jakeman_42b_5_2021","Jakeman",5,"60","8/28/21","76.43834","-80.94122","Jakeman_out","August","Marine","Summer",2021,1.624,"JS42b_5","31.28681979","0.36","0.01","0.36","0.13","1.55","0.5","1.981302897","5","323.689879","2.389971184","0.852752917","2.76E-05","1025.026741","-","-","-","-","-","no","<3","Jakeman","Weakly Tidewater-Glacier-Influenced","0-50 m","Weakly Tidewater-Glacier-Influenced","No Upwelling, 0-50m","No upwelling, upper 50m, within 5km","No upwelling"
"34","A2108","JS44b","JS44b_20","Jakeman_44b_20_2021","Jakeman",20,"46","8/28/21","76.43106","-80.96379","Jakeman_out","August","Marine","Summer",2021,2.621,"JS44b_20","31.31033844","0.38","0","0.31","0","0.99","45.5","1.968348185","20","327.0856689","0.615889116","0.773846019","1.57E-05","1025.117416","-","-","-","-","-","yes","<3","Jakeman","Weakly Tidewater-Glacier-Influenced","0-50 m","Weakly Tidewater-Glacier-Influenced","No Upwelling, 0-50m","No upwelling, upper 50m, within 5km","No upwelling"
"35","A2108","JS44b","JS44b_5","Jakeman_44b_5_2021","Jakeman",5,"46","8/28/21","76.43106","-80.96379","Jakeman_out","August","Marine","Summer",2021,2.621,"JS44b_5","31.30220475","0.64","0.05","0.46","0.01","2.39","45.5","2.00738352","5","326.5457575","1.38906398","0.915190726","4.98E-05","1025.037245","-","-","-","-","-","yes","<3","Jakeman","Weakly Tidewater-Glacier-Influenced","0-50 m","Weakly Tidewater-Glacier-Influenced","No Upwelling, 0-50m","No upwelling, upper 50m, within 5km","No upwelling"
"36","A2108","JS46b","JS46b_20","Jakeman_46b_20_2021","Jakeman",20,"60","8/28/21","76.4231","-80.98564","Jakeman_out","August","Marine","Summer",2021,3.667,"JS46b_20","31.37853525","0.66","0.01","0.46","0.07","2.54","18.5","1.750176285","20","327.9188897","0.546507864","0.684570313","8.26E-05","1025.186852","-","-","-","-","-","yes","3>x<10","Jakeman","Weakly Tidewater-Glacier-Influenced","0-50 m","Weakly Tidewater-Glacier-Influenced","No Upwelling, 0-50m","No upwelling, upper 50m, within 5km","No upwelling"
"37","A2108","JS46b","JS46b_5","Jakeman_46b_5_2021","Jakeman",5,"60","8/28/21","76.4231","-80.98564","Jakeman_out","August","Marine","Summer",2021,3.667,"JS46b_5","31.29272219","0.55","0.01","0.46","0","2.34","18.5","1.97491062","5","328.1385662","0.841985529","0.634928385","3.15E-05","1025.031919","-","-","-","-","-","yes","3>x<10","Jakeman","Weakly Tidewater-Glacier-Influenced","0-50 m","Weakly Tidewater-Glacier-Influenced","No Upwelling, 0-50m","No upwelling, upper 50m, within 5km","No upwelling"
"38","A2108","JS5","JS5_20","Jakeman_5_20_2021","Jakeman",20,"38","8/8/21","76.45033","-80.90704","Jakeman_practice","August","Marine","Summer",2021,0.247,"JS5_20","32.06216976","1.67","0.02","0.66","0.75",NA,NA,"-0.127302193","20","342.3579132","2.453784642","0.534714994","0.000176825","1025.840462","1.67","19.7","-","5.74","-","yes","<3","Jakeman","Weakly Tidewater-Glacier-Influenced","0-50 m","Weakly Tidewater-Glacier-Influenced","No Upwelling, 0-50m","No upwelling, upper 50m, within 5km","No upwelling"
"39","A2108","JS50","JS50_20","Jakeman_50_20_2021","Jakeman",20,"175","8/28/21","76.40201","-81.05327","Jakeman_out","August","Marine","Summer",2021,6.601,"JS50_20","31.86883497",NA,NA,NA,NA,NA,"1.5","0.966506033","20","331.3043808","0.191969438","0.412105907","0.000359569","1025.628931","-","-","-","-","-","no","3>x<10","Jakeman","Weakly Tidewater-Glacier-Influenced","0-50 m","Weakly Tidewater-Glacier-Influenced","No Upwelling, 0-50m","No upwelling, upper 50m, beyond 5km","No upwelling"
"40","A2108","JS50","JS50_5","Jakeman_50_5_2021","Jakeman",5,"175","8/28/21","76.40201","-81.05327","Jakeman_out","August","Marine","Summer",2021,6.601,"JS50_5","31.35569862",NA,NA,NA,NA,NA,"1.5","1.765099265","5","328.6545399","0.462162827","0.685966261","0.000198815","1025.09654","-","-","-","-","-","no","3>x<10","Jakeman","Weakly Tidewater-Glacier-Influenced","0-50 m","Weakly Tidewater-Glacier-Influenced","No Upwelling, 0-50m","No upwelling, upper 50m, beyond 5km","No upwelling"
"41","V2108","JS14","JS14_1","Jones_Sound_14_28_2021","Jones Sound",28,"800","8/18/21","76.10733","-83.26508","Jones Sound","August","Marine","Summer",2021,35.556,"JS14_1","31.90988119","0.51","0.01","0.56","0.03","2.78","27.831","0.137735598","28","408.197451","0.730906631","9.900204976","0.000651324","1025.743909","-","-","-","-","-","yes",">10","Open Sound","Open Sound","0-50 m","Open Water","No Upwelling, 0-50m","Open Water, upper 50m","Open Water, upper 50m"
"42","A2108","JS2","JS2_5","Jones_Sound_2_5_2021","Jones Sound",5,"350","8/7/21","76.41322","-82.97484","Jones _Sound_Practice","August","Marine","Summer",2021,1.72,"JS2_5","29.50118994","0.79","0.01","0.32","1.56","2.04",NA,"1.916474429","5","381.3461288","0.131853508","0.247337341","0.002977927","1023.601295","-","-","-","-","-","yes","<3","Open Sound","Open Sound","0-50 m","Open Water","No Upwelling, 0-50m","Open Water, upper 50m","Open Water, upper 50m"
"43","A2108","SSW","SSW","Jones_Sound_SSW_5_2021","Jones Sound",5,"350",NA,NA,NA,"Grise_incubation","August","Marine","Summer",2021,2.89,"SSW","31.07101691","0.22","0.04","0.42","0.23","1.57",NA,"2.589773183","5","358.269372","0.283447266","0.130521878","0.000337948","1024.810704","-","-","-","-","-","yes","<3","Open Sound","Open Sound","0-50 m","Open Water","No Upwelling, 0-50m","Open Water, upper 50m","Open Water, upper 50m"
"44","V2208","JSDT_B","JSDT_4","Jones_Sound_Deep_15_2022","Jones Sound Deepest",15,"876","8/28/22","76.13797","-82.53483","Jones Sound Deepest Point","August","Marine","Summer",2022,32.439,"V2208_JSDT_B_4","29.79819798","0.07","0","0.42","0.1","1.86",NA,"0.846477509","15","361.588768","-0.036437988","1.394256592","0.000897692","1023.948873","-","-","-","-","-","yes",">10","Open Sound","Open Sound","0-50 m","Open Water","No Upwelling, 0-50m","Open Water, upper 50m","Open Water, upper 50m"
"45","V2208","JSDT_B","JSDT_3","Jones_Sound_Deep_40_2022","Jones Sound Deepest",40,"876","8/28/22","76.13797","-82.53483","Jones Sound Deepest Point","August","Marine","Summer",2022,32.439,"V2208_JSDT_B_3","31.38645808","0.94","0.04","0.47","0.63","2.97",NA,"-0.267018636","40","369.1444829","-0.143208822","0.198430379","0.000797258","1025.397324","-","-","-","-","-","yes",">10","Open Sound","Open Sound","0-50 m","Open Water","No Upwelling, 0-50m","Open Water, upper 50m","Open Water, upper 50m"
"46","V2208","OG","OG4","Jones_Sound_OG_27_2022","OG",27,"629","8/29/22","76.36482","-82.98248","OG","August","Marine","Summer",2022,5.5,"V2208_OG_B_4","31.47059282","1.57","0.04","0.68","0.48","5.51",NA,"-0.313018799","27","364.3366165","-0.143900553","0.528879801","0.000527728","1025.404838","1.57","8.18","-","3.87","-","yes","3>x<10","Open Sound","Open Sound","0-50 m","Open Water","No Upwelling, 0-50m","Open Water, upper 50m","Open Water, upper 50m"
"47","V2208","OG","OG5","Jones_Sound_OG_5_2022","OG",5,"629","8/29/22","76.36482","-82.98248","OG","August","Marine","Summer",2022,5.5,"V2208_OG_B_5","29.57408063","0.02","0","0.39","0.12","1.89",NA,"0.5884552","5","362.7360484","-0.058776855","0.424718221","0.000782199","1023.733316","-","-","-","-","-","yes","3>x<10","Open Sound","Open Sound","0-50 m","Open Water","No Upwelling, 0-50m","Open Water, upper 50m","Open Water, upper 50m"
"48","V2208","OG","OG3","Jones_Sound_OG_50_2022","OG",50,"629","8/29/22","76.36482","-82.98248","OG","August","Marine","Summer",2022,5.5,"V2208_OG_B_3","32.23787276","5.45","0.07","0.93","1.17","10.95",NA,"-0.784828186","50","356.5226847","-0.062561035","0.482248942","9.71E-05","1026.153309","5.42","8.82","-","3.44","-","yes","3>x<10","Open Sound","Open Sound","0-50 m","Open Water","No Upwelling, 0-50m","Open Water, upper 50m","Open Water, upper 50m"
"49","A2108","JS34","JS34_5","South_Cape_Fiord_34_5_2021","South Cape Fiord",5,"110","8/22/21","76.41126","-84.36463","South_Cape_Fiord_sill","August","Marine","Summer",2021,34.984,"JS34_5","30.881061","0.61","0.01","0.43","0.21","2.84","26.5","1.392894745","5","341.1900081","0.189434629","0.306747668","0.001097861","1024.740688","-","-","-","-","-","no",">10","Open Sound","Open Sound","0-50 m","Open Water","No Upwelling, 0-50m","Open Water, upper 50m","Open Water, upper 50m"
"50","A2108","JS12","JS12_20","Sydkap_12_20_2021","South Cape Fiord",20,"130","8/14/21","76.65526","-85.20367","Sydkap_out","August","Marine","Summer",2021,0.453,"JS12b_20","30.87973293",NA,NA,NA,NA,NA,"3.5","0.323521007","20","352.9769592","2.64547822","0.171091022","0.000459285","1024.868033","-","-","-","-","-",NA,"<3","Sydkap","Strongly Tidewater-Glacier-Influenced","0-50 m","Strongly Tidewater-Glacier-Influenced","No Upwelling, 0-50m","No upwelling, upper 50m, within 5km","Upwelling"
"51","A2108","JS12","JS12_5","Sydkap_12_5_2021","South Cape Fiord",5,"130","8/14/21","76.65526","-85.20367","Sydkap_out","August","Marine","Summer",2021,0.453,"JS12b_5a","28.49715549","2.78","0.04","0.58","0.9","7.86","3.5","-0.080113035","5","339.7010913","7.163093336","1.102877068","0.003967378","1022.892084","-","-","-","-","-","no","<3","Sydkap","Strongly Tidewater-Glacier-Influenced","0-50 m","Strongly Tidewater-Glacier-Influenced","No Upwelling, 0-50m","No upwelling, upper 50m, within 5km","Upwelling"
"52","A2108","JS13","JS13_5","Sydkap_13_5_2021","South Cape Fiord",5,"130","8/14/21","76.6516","-85.1917","Sydkap_out","August","Marine","Summer",2021,0.453,"JS12b_5b","28.54531633","2.78","0.04","0.58","0.9","7.86","3.5","-0.146664937","5","343.6639581","8.514404759","1.158508648","0.003908326","1022.932979","-","-","-","-","-","no","<3","Sydkap","Strongly Tidewater-Glacier-Influenced","0-50 m","Strongly Tidewater-Glacier-Influenced","No Upwelling, 0-50m","No upwelling, upper 50m, within 5km","Upwelling"
"53","A2108","JS13","JS13_20","Sydkap_13_20_2021","South Cape Fiord",20,"160","8/12/21","76.6516","-85.1917","Sydkap_out","August","Marine","Summer",2021,1,"JS13_20","30.86974342","3.31","0.05","0.59","0.95","6.07","0.5","0.241916656","20","357.1221194","2.743319425","0.188603257","0.000429831","1024.863795","-","-","-","-","-","no","<3","Sydkap","Strongly Tidewater-Glacier-Influenced","0-50 m","Strongly Tidewater-Glacier-Influenced","No Upwelling, 0-50m","No upwelling, upper 50m, within 5km","Upwelling"
"54","A2108","JS14","JS14_20","Sydkap_14_20_2021","South Cape Fiord",20,"140","8/15/21","76.64798","-85.17973","Sydkap_out","August","Marine","Summer",2021,1.309,"JS14_20","30.80957369","2.33","0.03","0.51","0.73","5.95","2.5","0.458656773","20","360.0094161","2.500161836","0.165387009","0.00034305","1024.805408","2.33","6.6","-","2.55","-","yes","<3","Sydkap","Strongly Tidewater-Glacier-Influenced","0-50 m","Strongly Tidewater-Glacier-Influenced","No Upwelling, 0-50m","No upwelling, upper 50m, within 5km","Upwelling"
"55","A2108","JS14","JS14_5","Sydkap_14_5_2021","South Cape Fiord",5,"140","8/15/21","76.64798","-85.17973","Sydkap_out","August","Marine","Summer",2021,1.309,"JS14_5","28.71198006","2.34","0.03","0.48","0.67","9.02","27.831","-0.231233886","5","340.1271213","7.672743364","1.081089598","0.003284429","1023.070472","2.34","7.31","-","2.72","-","yes","<3","Sydkap","Strongly Tidewater-Glacier-Influenced","0-50 m","Strongly Tidewater-Glacier-Influenced","No Upwelling, 0-50m","No upwelling, upper 50m, within 5km","Upwelling"
"56","A2108","JS18","JS18_20","Sydkap_18_20_2021","South Cape Fiord",20,"130","8/15/21","76.63219","-85.13283","Sydkap_out","August","Marine","Summer",2021,3.388,"JS18_20","30.79045291","2.32","0.03","0.53","0.53","6.67","2.5","0.49453666","20","362.8756851","1.693372322","0.179152749","0.000350083","1024.788296","-","-","-","-","-","no","3>x<10","Sydkap","Strongly Tidewater-Glacier-Influenced","0-50 m","Strongly Tidewater-Glacier-Influenced","No Upwelling, 0-50m","No upwelling, upper 50m, within 5km","Upwelling"
"57","A2108","JS18","JS18_5","Sydkap_18_5_2021","South Cape Fiord",5,"130","8/15/21","76.63219","-85.13283","Sydkap_out","August","Marine","Summer",2021,3.388,"JS18_5","28.86976755","2.32","0.03","0.51","1.28",NA,"2.5","-0.342862447","5","347.1967215","24.75115412","0.924960512","0.003132908","1023.201424","-","-","-","-","-","yes","3>x<10","Sydkap","Strongly Tidewater-Glacier-Influenced","0-50 m","Strongly Tidewater-Glacier-Influenced","No Upwelling, 0-50m","No upwelling, upper 50m, within 5km","Upwelling"
"58","A2208","SD10B","SD10_3","South_Cape_Fiord_10B_45_2022","South Cape Fiord",45,"190","8/22/22","76.38604","-84.16518","Sydkap-out","August","Marine","Summer",2022,40.501,"A2208_SD10_3","31.10841007","1.31","0.02","0.68","0.61","4.08",NA,"0.13618868","45","393.2071163","0.384053456","2.404411986","0.000237924","1025.180235","1.31","7.95","-","1.71","-","yes",">10","Open Sound","Open Sound","0-50 m","Open Water","No Upwelling, 0-50m","Open Water, upper 50m","Open Water, upper 50m"
"59","A2208","SD10B","SD10_5","South_Cape_Fiord_10B_5_2022","South Cape Fiord",5,"190","8/22/22","76.38604","-84.16518","Sydkap-out","August","Marine","Summer",2022,40.501,"A2208_SD10_5","29.38448566","0.07","0","0.38","0.14","2.06",NA,"0.913387959","5","375.0463711","0.352668993","0.277847571","8.95E-05","1023.565902","-","-","-","-","-","yes",">10","Open Sound","Open Sound","0-50 m","Open Water","No Upwelling, 0-50m","Open Water, upper 50m","Open Water, upper 50m"
"60","A2208","SD1","SD1_4","Sydkap_1_20_2022","South Cape Fiord",20,"130","8/24/22","76.65643","-85.2144","Sydkap-out","August","Marine","Summer",2022,0.249,"A2208_SD1_4","30.18796433","1.07","0.09","0.43","2.01","3.02",NA,"-0.19580707","20","390.7737287","4.890202008","0.288152082","0.001250366","1024.332521","-","-","-","-","-","yes","<3","Sydkap","Strongly Tidewater-Glacier-Influenced","0-50 m","Strongly Tidewater-Glacier-Influenced","No Upwelling, 0-50m","No upwelling, upper 50m, within 5km","Upwelling"
"61","A2208","SD1","SD1_3","Sydkap_1_45_2022","South Cape Fiord",45,"130","8/24/22","76.65643","-85.2144","Sydkap-out","August","Marine","Summer",2022,0.249,"A2208_SD1_3","31.56117303","0.89","0.03","0.58","0.88","2.75",NA,"-0.95487664","45","408.1676711","5.287190293","0.168374842","0.000324804","1025.58831","-","-","-","-","-","yes","<3","Sydkap","Strongly Tidewater-Glacier-Influenced","0-50 m","Strongly Tidewater-Glacier-Influenced","No Upwelling, 0-50m","No upwelling, upper 50m, within 5km","Upwelling"
"62","A2208","SD1","SD1_5","Sydkap_1_5_2022","South Cape Fiord",5,"130","8/24/22","76.65643","-85.2144","Sydkap-out","August","Marine","Summer",2022,0.249,"A2208_SD1_5","28.7987859","1.97","0.04","0.43","0.95","5.41",NA,"0.231161608","5","385.9742858","16.13244671","0.556311349","0.001042228","1023.124052","-","-","-","-","-","yes","<3","Sydkap","Strongly Tidewater-Glacier-Influenced","0-50 m","Strongly Tidewater-Glacier-Influenced","No Upwelling, 0-50m","No upwelling, upper 50m, within 5km","Upwelling"
"63","A2208","SD7","SD7_7","Sydkap_7_30_2022","South Cape Fiord",30,"143","8/22/22","76.5797","-84.98465","Sydkap-out","August","Marine","Summer",2022,10.33,"A2208_SD7_7","30.8454109","0.6","0.02","0.52","0.83","2.53",NA,"-0.475965313","30","412.8529961","1.412357908","0.226091797","0.00067823","1024.921105","-","-","-","-","-","yes",">10","Sydkap","Strongly Tidewater-Glacier-Influenced","0-50 m","Strongly Tidewater-Glacier-Influenced","No Upwelling, 0-50m","No upwelling, upper 50m, beyond 5km","Upwelling"
"64","A2208","SD7","SD7_11","Sydkap_7_5_2022","South Cape Fiord",5,"143","8/22/22","76.5797","-84.98465","Sydkap-out","August","Marine","Summer",2022,10.33,"A2208_SD7_11","28.91790604","0.12","0.06","0.26","0.55","1.53",NA,"0.7216216","5","391.8666994","1.193505027","0.338643136","0.000804961","1023.200015","-","-","-","-","-","yes",">10","Sydkap","Strongly Tidewater-Glacier-Influenced","0-50 m","Strongly Tidewater-Glacier-Influenced","No Upwelling, 0-50m","No upwelling, upper 50m, beyond 5km","Upwelling"
"65","A2208","SD7","SD7_5","Sydkap_7_50_2022","South Cape Fiord",50,"143","8/22/22","76.5797","-84.98465","Sydkap-out","August","Marine","Summer",2022,10.33,"A2208_SD7_5","31.76742613","1.11","0.18","0.51","6.55","1.93",NA,"-0.66640954","50","403.0542474","0.469548257","0.290826366","0.000415508","1025.769357","-","-","-","-","-","yes",">10","Sydkap","Strongly Tidewater-Glacier-Influenced","0-50 m","Strongly Tidewater-Glacier-Influenced","No Upwelling, 0-50m","No upwelling, upper 50m, beyond 5km","Upwelling"
"66","A2208","SDB1","SDB1_4a","Sydkap_SDB1_15a_2022","South Cape Fiord",15,"139","9/2/22","76.65317","-85.22124","Sydkap-out","August","Marine","Summer",2022,0.184,"A2208_SDB1_4","29.57468133","0.71","0.03","0.43","0.68","2.75",NA,"0.388508594","15","383.1501093","1.916222312","0.753223419","0.000883516","1023.790927","-","-","-","-","-",NA,"<3","Sydkap","Strongly Tidewater-Glacier-Influenced","0-50 m","Strongly Tidewater-Glacier-Influenced","No Upwelling, 0-50m","No upwelling, upper 50m, within 5km","Upwelling"
"67","A2208","SDB1","SDB1_4b","Sydkap_SDB1_15b_2022","South Cape Fiord",15,"139","9/2/22","76.65317","-85.22124","Sydkap-out","August","Marine","Summer",2022,0.184,"A2208_SDB1_4","29.57468133","0.71","0.03","0.43","0.68","2.75",NA,"0.388508594","15","383.1501093","1.916222312","0.753223419","0.000883516","1023.790927","-","-","-","-","-","yes","<3","Sydkap","Strongly Tidewater-Glacier-Influenced","0-50 m","Strongly Tidewater-Glacier-Influenced","No Upwelling, 0-50m","No upwelling, upper 50m, within 5km","Upwelling"
"68","A2208","SDB1","SDB1_3","Sydkap_SDB1_45_2022","South Cape Fiord",45,"139","9/2/22","76.65317","-85.22124","Sydkap-out","August","Marine","Summer",2022,0.184,"A2208_SDB1_3","32.11789545","1.5","0.51","0.4","1.77","2.72",NA,"-1.150787458","45","383.8047485","3.511601951","0.117043859","0.00040109","1026.045086","-","-","-","-","-","yes","<3","Sydkap","Strongly Tidewater-Glacier-Influenced","0-50 m","Strongly Tidewater-Glacier-Influenced","No Upwelling, 0-50m","No upwelling, upper 50m, within 5km","Upwelling"
"69","A2208","SDB1","SDB1_5","Sydkap_SDB1_5_2022","South Cape Fiord",5,"139","9/2/22","76.65317","-85.22124","Sydkap-out","August","Marine","Summer",2022,0.184,"A2208_SDB1_5","28.09204206","0.91","0.01","0.35","0.28","3.94",NA,"1.071575743","5","370.2740706","2.720039599","0.669497403","0.003221927","1022.520646","-","-","-","-","-","yes","<3","Sydkap","Strongly Tidewater-Glacier-Influenced","0-50 m","Strongly Tidewater-Glacier-Influenced","No Upwelling, 0-50m","No upwelling, upper 50m, within 5km","Upwelling"
"70","A2108","JS6","JS6_20","Starnes_1_6_20_2021","Starnes.1",20,"130","8/12/21","76.52487","-82.23704","Starnes Fiord - out","August","Marine","Summer",2021,0.26,"JS6_20","31.12961665","0.32","0.01","0.51","1.2","2.17","21.5","1.153374961","20","327.4705897","0.595686248","0.328855399","0.000722803","1025.025064","-","-","-","-","-","yes","<3","Starnes.1","Weakly Tidewater-Glacier-Influenced","0-50 m","Weakly Tidewater-Glacier-Influenced","No Upwelling, 0-50m","No upwelling, upper 50m, within 5km","No upwelling"
"71","A2108","JS6","JS6_5","Starnes_1_6_5_2021","Starnes.1",5,"130","8/12/21","76.52487","-82.23704","Starnes Fiord - out","August","Marine","Summer",2021,0.26,"JS6_5","29.03716405","0","0.01","0.37","1.57","2.25","21.5","2.867524349","5","314.8854823","0.439913663","0.179846793","0.002409877","1023.167071","-","-","-","-","-","no","<3","Starnes.1","Weakly Tidewater-Glacier-Influenced","0-50 m","Weakly Tidewater-Glacier-Influenced","No Upwelling, 0-50m","No upwelling, upper 50m, within 5km","No upwelling"
"72","A2108","JS7","JS7_25","Starnes_1_7_25_2021","Starnes.1",25,"160","8/12/21","76.52582","-82.21842","Starnes Fiord - out","August","Marine","Summer",2021,0.76,"JS7_25","31.17058052","0.06","0","0.48","0.52","1.49","58.5","1.410289302","25","337.2934022","0.307266698","0.335208315","0.00025386","1025.066004","-","-","-","-","-","yes","<3","Starnes.1","Weakly Tidewater-Glacier-Influenced","0-50 m","Weakly Tidewater-Glacier-Influenced","No Upwelling, 0-50m","No upwelling, upper 50m, within 5km","No upwelling"
"73","A2108","JS7","JS7_5","Starnes_1_7_5_2021","Starnes.1",5,"160","8/12/21","76.52582","-82.21842","Starnes Fiord - out","August","Marine","Summer",2021,0.76,"JS7_5","29.17623432","0","0","0.4","1.03","1.64","58.5","2.8802112","5","319.748162","0.519947491","0.138164659","0.00263764","1023.277063","-","-","-","-","-","no","<3","Starnes.1","Weakly Tidewater-Glacier-Influenced","0-50 m","Weakly Tidewater-Glacier-Influenced","No Upwelling, 0-50m","No upwelling, upper 50m, within 5km","No upwelling"
"74","A2108","JS10","JS10_5","Starnes_2_10_5_2021","Starnes.2",5,"10","8/12/21","76.62359","-82.413","Starnes Fiord - out","August","Marine","Summer",2021,0.13,"JS10_5","29.49254449","0.02","0.02","0.37","1.65","1.99","8.5","2.563123067","5","378.5144628","2.998636882","4.73298645","0.005474989","1023.552719","-","-","-","-","-","no","<3","Starnes.2","Weakly Tidewater-Glacier-Influenced","0-50 m","Weakly Tidewater-Glacier-Influenced","No Upwelling, 0-50m","No upwelling, upper 50m, within 5km","No upwelling"
"75","A2108","JS11","JS11_5","Starnes_2_11_5_2021","Starnes.2",5,"60","8/12/21","76.62759","-82.40246","Starnes Fiord - out","August","Marine","Summer",2021,0.65,"JS11_5","29.19199875","0","0.01","0.23","0.36","3.43","1.5","2.858083879","5","333.9924524","0.855721368","0.246986235","0.004550909","1023.290879","-","-","-","-","-","yes","<3","Starnes.2","Weakly Tidewater-Glacier-Influenced","0-50 m","Weakly Tidewater-Glacier-Influenced","No Upwelling, 0-50m","No upwelling, upper 50m, within 5km","No upwelling"
"76","V2108","SV1","SV1_2","Sverdrup_1_25_2021","Sverdrup Glacier",25,"148","8/14/21","75.74925","-83.24268","Sverdrup_out","August","Marine","Summer",2021,1.714,"SV1_2","32.53020611","7.18","0.08","0.96","0.21",NA,"5.601","-0.587128171","25","347.5476448","0.934818615","2.430387925","1.57E-05","1026.262044","7.18","7.649628379",NA,"3.285700773",NA,"yes","<3","Sverdrup","Strongly Tidewater-Glacier-Influenced","0-50 m","Strongly Tidewater-Glacier-Influenced","Upwelling, 0-50m","Upwelling, upper 50m, within 5km","Upwelling"
"77","V2108","SV1","SV1_1","Sverdrup_1_5_2021","Sverdrup Glacier",5,"148","8/14/21","75.74925","-83.24268","Sverdrup_out","August","Marine","Summer",2021,1.714,"SV1_1","32.39746098","4.06","0.08","0.76","0.08","12.91","5.601","-0.226504413","5","359.0967218","2.005749327","3.812760787","0.000367889","1026.044335","4.06","8.553718522",NA,"6.048512747",NA,"yes","<3","Sverdrup","Strongly Tidewater-Glacier-Influenced","0-50 m","Strongly Tidewater-Glacier-Influenced","Upwelling, 0-50m","Upwelling, upper 50m, within 5km","Upwelling"
"78","V2108","SV11","SV11_1","Sverdrup_11_45_2021","Sverdrup Glacier",45,"49","8/17/21","75.79493","-83.35562","Sverdrup_out","August","Marine","Summer",2021,7.611,"SV11_1","32.6808214","9.14","0.11","1.09","0.66","18.42","7.6146","-1.183290216","45","322.7026908","0.39699744","0.521871301","1.86E-05","1026.501331","9.14","6.387478876","0.625026165","2.231386865","2.24545613","yes","3>x<10","Sverdrup","Strongly Tidewater-Glacier-Influenced","0-50 m","Strongly Tidewater-Glacier-Influenced","Upwelling, 0-50m","Upwelling, upper 50m, beyond 5km","Upwelling"
"79","V2108","SV11","SV11_3","Sverdrup_11_5_2021","Sverdrup Glacier",5,"49","8/17/21","75.79493","-83.35562","Sverdrup_out","August","Marine","Summer",2021,7.611,"SV11_3","31.81535915","0.06","0.01","0.36","0","0.13","7.6146","0.654972007","5","393.6637665","0.62431784","4.937232682","0.000993147","1025.532515","-","-","-","-","-","yes","3>x<10","Sverdrup","Strongly Tidewater-Glacier-Influenced","0-50 m","Strongly Tidewater-Glacier-Influenced","Upwelling, 0-50m","Upwelling, upper 50m, beyond 5km","Upwelling"
"80","V2108","SV11","SV11_2","Sverdrup_11_8_2021","Sverdrup Glacier",8,"49","8/17/21","75.79493","-83.35562","Sverdrup_out","August","Marine","Summer",2021,7.611,"SV11_2","32.13025797","0.08","0","0.45","0","2.39","7.6146","0.229762456","8","394.9260721","0.788340502","10.6900555","0.000696906","1025.8221","-","-","-","-","-","yes","3>x<10","Sverdrup","Strongly Tidewater-Glacier-Influenced","50-635 m","Strongly Tidewater-Glacier-Influenced","Upwelling, 0-50m","Upwelling, upper 50m, beyond 5km","Upwelling"
"81","V2108","SV14","SV14_2","Sverdrup_14_18_2021","Sverdrup Glacier",18,"56","8/17/21","75.84537","-83.44153","Sverdrup_out","August","Marine","Summer",2021,13.611,"SV14_2","31.65166825","0.04","0","0.44","0","0.31","18.699","0.621254638","18","393.8652772","0.706505885","9.24055259","0.00024476","1025.464917","-","-","-","-","-","yes",">10","Sverdrup","Strongly Tidewater-Glacier-Influenced","0-50 m","Strongly Tidewater-Glacier-Influenced","Upwelling, 0-50m","Upwelling, upper 50m, beyond 5km","Upwelling"
"82","V2108","SV14","SV14_3","Sverdrup_14_5_2021","Sverdrup Glacier",5,"56","8/17/21","75.84537","-83.44153","Sverdrup_out","August","Marine","Summer",2021,13.611,"SV14_3","31.07117682",NA,NA,NA,NA,NA,"18.699","1.581978406","5","369.2378997","0.199549886","0.425994804","0.001283966","1024.880905","-","-","-","-","-","yes",">10","Sverdrup","Strongly Tidewater-Glacier-Influenced","0-50 m","Strongly Tidewater-Glacier-Influenced","Upwelling, 0-50m","Upwelling, upper 50m, beyond 5km","Upwelling"
"83","V2108","SV14","SV14_1","Sverdrup_14_50_2021","Sverdrup Glacier",50,"56","8/17/21","75.84537","-83.44153","Sverdrup_out","August","Marine","Summer",2021,13.611,"SV14_1","31.97128849","2.22","0.04","0.67","0.22","5.13","18.699","0.330986023","50","378.7917221","0.691418457","7.604171753","-3.64E-05","1025.889512","2.22","9.69","-","9.23","-","yes",">10","Sverdrup","Strongly Tidewater-Glacier-Influenced","0-50 m","Strongly Tidewater-Glacier-Influenced","Upwelling, 0-50m","Upwelling, upper 50m, beyond 5km","Upwelling"
"84","V2108","SV15","SV15_2","Sverdrup_15_28_2021","Sverdrup Glacier",28,"226","8/18/21","75.874","-83.4582","Sverdrup_out","August","Marine","Summer",2021,16.647,"SV15_2","31.62788724","0.15","0","0.46","0","0.13","28.789","0.618013578","28","392.4865791","0.581076605","8.674058648","0.000426021","1025.49289","-","-","-","-","-","yes",">10","Sverdrup","Strongly Tidewater-Glacier-Influenced","0-50 m","Strongly Tidewater-Glacier-Influenced","Upwelling, 0-50m","Upwelling, upper 50m, beyond 5km","Upwelling"
"85","V2108","SV15","SV15_3","Sverdrup_15_5_2021","Sverdrup Glacier",5,"226","8/18/21","75.874","-83.4582","Sverdrup_out","August","Marine","Summer",2021,16.647,"SV15_3","30.79585695","0","0","0.36","0.32","1.13","28.789","1.981305013","5","365.3550011","0.098977384","0.280564002","0.000366323","1024.634804","-","-","-","-","-","yes",">10","Sverdrup","Strongly Tidewater-Glacier-Influenced","0-50 m","Strongly Tidewater-Glacier-Influenced","Upwelling, 0-50m","Upwelling, upper 50m, beyond 5km","Upwelling"
"86","V2108","SV2","SV2_2","Sverdrup_2_18_2021","Sverdrup Glacier",18,"154","8/16/21","75.7525","-83.23818","Sverdrup_out","August","Marine","Summer",2021,1.909,"SV2_2","32.36239454","4.95","0.08","0.82","0.25","12.81","4.6013","-0.374910956","18","366.0741699","1.631611864","6.171684103","0.000143252","1026.084503","4.95","8.082545504",NA,"4.943026999",NA,"yes","<3","Sverdrup","Strongly Tidewater-Glacier-Influenced","0-50 m","Strongly Tidewater-Glacier-Influenced","Upwelling, 0-50m","Upwelling, upper 50m, within 5km","Upwelling"
"87","V2108","SV2","SV2_3","Sverdrup_2_5_2021","Sverdrup Glacier",5,"154","8/16/21","75.7525","-83.23818","Sverdrup_out","August","Marine","Summer",2021,1.909,"SV2_3","31.96656866","0.52","0.04","0.56","0.07","9.11","4.6013","-0.044292714","5","387.3021588","3.12870239","10.49016605","0.000371011","1025.688704","-","-","-","-","-","no","<3","Sverdrup","Strongly Tidewater-Glacier-Influenced","0-50 m","Strongly Tidewater-Glacier-Influenced","Upwelling, 0-50m","Upwelling, upper 50m, within 5km","Upwelling"
"88","V2108","SV20","SV20_1","Sverdrup_20_5_2021","Sverdrup Glacier",5,"8","8/15/21","75.76492","-83.16405","Sverdrup_across","August","Marine","Summer",2021,3.081,"SV20_1","32.16058207","5.21","0.09","0.88","0.04","12.97","0.5","-0.703008652","5","354.673172","2.902099609","2.479297638","0.000578997","1025.871898","5.21","8.688484335",NA,"4.203813007",NA,"yes","3>x<10","Sverdrup","Strongly Tidewater-Glacier-Influenced","0-50 m","Strongly Tidewater-Glacier-Influenced","Upwelling, 0-50m","Upwelling, upper 50m, within 5km","Upwelling"
"89","V2108","SV3","SV3_2","Sverdrup_3_20_2021","Sverdrup Glacier",20,"145","8/16/21","75.75717","-83.22915","Sverdrup_out","August","Marine","Summer",2021,2.247,"SV3_2","32.38221749","3.58","0.07","0.79","0.03",NA,"4.6093","-0.03433641","20","371.309305","1.320684506","6.804074305","7.60E-05","1026.09518","3.58","8.434056359",NA,"4.648812073",NA,"yes","<3","Sverdrup","Strongly Tidewater-Glacier-Influenced","0-50 m","Strongly Tidewater-Glacier-Influenced","Upwelling, 0-50m","Upwelling, upper 50m, within 5km","Upwelling"
"90","V2108","SV3","SV3_3","Sverdrup_3_5_2021","Sverdrup Glacier",5,"145","8/16/21","75.75717","-83.22915","Sverdrup_out","August","Marine","Summer",2021,2.247,"SV3_3","31.99506939","0.41","0.07","0.58","0","8.66","4.6093","0.078279611","5","387.0261302","3.662186871","10.435529","0.000413374","1025.706135","-","-","-","-","-","yes","<3","Sverdrup","Strongly Tidewater-Glacier-Influenced","0-50 m","Strongly Tidewater-Glacier-Influenced","Upwelling, 0-50m","Upwelling, upper 50m, within 5km","Upwelling"
"91","V2108","SV5","SV5_3","Sverdrup_5_5_2021","Sverdrup Glacier",5,"58","8/16/21","75.76518","-83.27122","Sverdrup_out","August","Marine","Summer",2021,3.582,"SV5_3","32.02803423","0.8","0.04","0.59","0","8.83","7.6411","0.13643726","5","387.2776533","2.559878725","4.837659316","0.00015204","1025.729983","-","-","-","-","-","yes","3>x<10","Sverdrup","Strongly Tidewater-Glacier-Influenced","0-50 m","Strongly Tidewater-Glacier-Influenced","Upwelling, 0-50m","Upwelling, upper 50m, within 5km","Upwelling"
"92","V2108","SV5","SV5_1","Sverdrup_5_50_2021","Sverdrup Glacier",50,"58","8/16/21","75.76518","-83.27122","Sverdrup_out","August","Marine","Summer",2021,3.582,"SV5_1","32.70235952","9.34","0.14","1.14","0.46","18.98","7.6411","-1.594064135","50","316.9886451","0.804683339","0.288367185","2.18E-05","1026.555115","-","-","-","-","-","no","3>x<10","Sverdrup","Strongly Tidewater-Glacier-Influenced","0-50 m","Strongly Tidewater-Glacier-Influenced","Upwelling, 0-50m","Upwelling, upper 50m, within 5km","Upwelling"
"93","V2108","SV5","SV5_2","Sverdrup_5_8_2021","Sverdrup Glacier",8,"58","8/16/21","75.76518","-83.27122","Sverdrup_out","August","Marine","Summer",2021,3.582,"SV5_2","32.11025974","1.17","0.05","0.66","0","8.78","7.6411","0.024404503","8","388.4959218","3.126323631","9.754842654","0.000327691","1025.815841","1.17","13.58","-","12.25","-","yes","3>x<10","Sverdrup","Strongly Tidewater-Glacier-Influenced","50-635 m","Strongly Tidewater-Glacier-Influenced","Upwelling, 0-50m","Upwelling, upper 50m, within 5km","Upwelling"
"94","V2108","SV7","SV7_1","Sverdrup_7_15_2021","Sverdrup Glacier",15,"18","8/16/21","75.77287","-83.2923","Sverdrup_out","August","Marine","Summer",2021,4.612,"SV7_1","32.37541378","0.07","0","0.42","0","2.64","5.5832","-0.082590103","15","367.1909046","0.96181488","7.736162186","0.000142434","1026.068075","-","-","-","-","-","yes","3>x<10","Sverdrup","Strongly Tidewater-Glacier-Influenced","0-50 m","Strongly Tidewater-Glacier-Influenced","Upwelling, 0-50m","Upwelling, upper 50m, within 5km","Upwelling"
"95","V2108","SV7","SV7_2","Sverdrup_7_5_2021","Sverdrup Glacier",5,"18","8/16/21","75.77287","-83.2923","Sverdrup_out","August","Marine","Summer",2021,4.612,"SV7_2","32.03574651","2.06","0.06","0.68","0","8.18","5.5832","0.417565446","5","387.9608853","0.74349286","8.397579144","0.000912964","1025.722141","2.06","10.15","-","3.44","-","yes","3>x<10","Sverdrup","Strongly Tidewater-Glacier-Influenced","0-50 m","Strongly Tidewater-Glacier-Influenced","Upwelling, 0-50m","Upwelling, upper 50m, within 5km","Upwelling"
"96","V2208","SV1","SV1_B1","Sverdrup_1_40_2022","Sverdrup Glacier",40,"75","8/23/22","75.74453","-83.23933","Sverdrup-out","August","Marine","Summer",2022,1.319,"V2208_SV1_B_1","32.57025146","6.96","0.08","0.91","0.63","13.37",NA,"-1.246477763","40","331.1177775","2.446187337","0.680781047","0.00012304","1026.389552","6.96","6.97","0.08","2.17","1.11","yes","<3","Sverdrup","Strongly Tidewater-Glacier-Influenced","0-50 m","Strongly Tidewater-Glacier-Influenced","Upwelling, 0-50m","Upwelling, upper 50m, within 5km","Upwelling"
"97","V2208","SV1","SV1_2b","Sverdrup_1_15_2022","Sverdrup Glacier",15,"75","8/23/22","75.74453","-83.23933","Sverdrup-out","August","Marine","Summer",2022,1.319,"V2208_SV1_B_2","32.20767403","4.98","0.08","0.78","0.5","11.49",NA,"-0.697680155","15","343.3843002","1.573852539","2.535603841","0.000697114","1025.957862","4.98","7.27","0.24","2.95","0.05","yes","<3","Sverdrup","Strongly Tidewater-Glacier-Influenced","0-50 m","Strongly Tidewater-Glacier-Influenced","Upwelling, 0-50m","Upwelling, upper 50m, within 5km","Upwelling"
"98","V2208","SV1","SV1_3_2022","Sverdrup_1_5_2022","Sverdrup Glacier",5,"75","8/23/22","75.74453","-83.23933","Sverdrup-out","August","Marine","Summer",2022,1.319,"V2208_SV1_B_3","31.66976261","2.91","0.04","0.6","0.12","8.7",NA,"-0.152393341","5","345.0737629","3.352905273","2.374488831","0.000243747","1025.453983","2.91","8.45",NA,"5.09",NA,"yes","<3","Sverdrup","Strongly Tidewater-Glacier-Influenced","0-50 m","Strongly Tidewater-Glacier-Influenced","Upwelling, 0-50m","Upwelling, upper 50m, within 5km","Upwelling"
"99","V2208","SV4_B","SV4_4","Sverdrup_4_5_2022","Sverdrup Glacier",5,"100","8/23/22","75.76333","-83.24983","Sverdrup-out","August","Marine","Summer",2022,3.106,"V2208_SV4_B_4","31.6773936","2.11","0.04","0.5","0.3","8.44",NA,"-0.050300598","5","350.5258865","1.797688802","3.086868286","0.000186636","1025.45578","2.11","8.23","-","3.92","-","yes","3>x<10","Sverdrup","Strongly Tidewater-Glacier-Influenced","0-50 m","Strongly Tidewater-Glacier-Influenced","Upwelling, 0-50m","Upwelling, upper 50m, within 5km","Upwelling"
"100","V2108","TA1","TA1_2","Talbot_Inlet_1_20_2021","Talbot Inlet",20,"546","8/7/21","77.82328","-76.83692","Talbot_out","August","Marine","Summer",2021,39.434,"TA1_2","30.89161279","0.03","0","0.38","0","1.94","30.838","-0.108039798","20","413.7987293","0.278283784","1.170200232","0.000708621","1024.894678","-","-","-","-","-","yes",">10","Nares Strait","Nares Strait","0-50 m","Open Water","No Upwelling, 0-50m","Open Water, upper 50m","Open Water, upper 50m"
"101","V2108","TA1","TA1_3","Talbot_Inlet_1_5_2021","Talbot Inlet",5,"546","8/7/21","77.82328","-76.83692","Talbot_out","August","Marine","Summer",2021,39.434,"TA1_3","29.49002859","0.13","0","0.35","0","1.27","30.838","0.091771328","5","399.0051319","0.217944521","0.262786287","0.000361999","1023.685263","-","-","-","-","-","no",">10","Nares Strait","Nares Strait","0-50 m","Open Water","No Upwelling, 0-50m","Open Water, upper 50m","Open Water, upper 50m"
"102","V2108","TA5","TA5_2","Talbot_Inlet_5_25_2021","Talbot Inlet",25,"355","8/3/21","77.93053","-78.0727","Talbot_out","August","Marine","Summer",2021,8.47,"TA5_2","31.56428573","0.14","0","0.41","1.15","1.94","40.97","0.576234644","25","407.0905912","0.384313872","0.181901643","0.000299734","1025.429184","-","-","-","-","-","no","3>x<10","Talbot Inlet","Strongly Tidewater-Glacier-Influenced","0-50 m","Strongly Tidewater-Glacier-Influenced","No Upwelling, 0-50m","No upwelling, upper 50m, beyond 5km","Upwelling"
"103","V2108","TA5","TA5_3","Talbot_Inlet_5_5_2021","Talbot Inlet",5,"355","8/3/21","77.93053","-78.0727","Talbot_out","August","Marine","Summer",2021,8.47,"TA5_3","29.56934117","0","0","0.28","0","1.83","40.97","1.002192896","5","381.0019692","1.827121249","0.713943551","0.003204216","1023.708543","-","-","-","-","-","yes","3>x<10","Talbot Inlet","Strongly Tidewater-Glacier-Influenced","0-50 m","Strongly Tidewater-Glacier-Influenced","No Upwelling, 0-50m","No upwelling, upper 50m, beyond 5km","Upwelling"
"104","V2108","TA6","TA6_3","Talbot_Inlet_6_5_2021","Talbot Inlet",5,"464","8/2/21","77.91833","-77.76795","Talbot_out","August","Marine","Summer",2021,15.672,"TA6_3","29.87620684",NA,NA,NA,NA,NA,"39.918","1.254007224","5","393.9724382","1.312406598","0.481198976","0.002298917","1023.941319","-","-","-","-","-",NA,">10","Talbot Inlet","Strongly Tidewater-Glacier-Influenced","0-50 m","Strongly Tidewater-Glacier-Influenced","No Upwelling, 0-50m","No upwelling, upper 50m, beyond 5km","Upwelling"
"105","V2108","TA7","TA7_2","Talbot_Inlet_7_15_2021","Talbot Inlet",15,"404","8/2/21","77.94948","-78.29783","Talbot_out","August","Marine","Summer",2021,3.403,"TA7_2","31.34924307","0.88","0.01","0.43","0.18","2.85","5.559","-0.60208582","15","397.3567469","1.433385702","0.383650148","0.000356125","1025.259003","-","-","-","-","-","yes","3>x<10","Talbot Inlet","Strongly Tidewater-Glacier-Influenced","0-50 m","Strongly Tidewater-Glacier-Influenced","No Upwelling, 0-50m","No upwelling, upper 50m, within 5km","Upwelling"
"106","V2108","TA7","TA7_3","Talbot_Inlet_7_5_2021","Talbot Inlet",5,"404","8/2/21","77.94948","-78.29783","Talbot_out","August","Marine","Summer",2021,3.403,"TA7_3","30.09188276","0.28","0.01","0.33","0","3.19","5.559","-0.143421294","5","395.0973791","2.125327502","0.560845137","0.003127189","1024.179682","-","-","-","-","-","yes","3>x<10","Talbot Inlet","Strongly Tidewater-Glacier-Influenced","0-50 m","Strongly Tidewater-Glacier-Influenced","No Upwelling, 0-50m","No upwelling, upper 50m, within 5km","Upwelling"
"107","V2108","TA8","TA8_2","Talbot_Inlet_8_20_2021","Talbot Inlet",20,"207","8/4/21","77.89075","-78.39375","Talbot_out","August","Marine","Summer",2021,5.424,"TA8_2","31.35788188","0.76","0.01","0.45","0","2.75","4.6144","-0.311484678","20","389.5651365","1.258978271","0.398704321","0.000254474","1025.276163","-","-","-","-","-","yes","3>x<10","Talbot Inlet","Strongly Tidewater-Glacier-Influenced","0-50 m","Strongly Tidewater-Glacier-Influenced","No Upwelling, 0-50m","No upwelling, upper 50m, beyond 5km","Upwelling"
"108","V2108","TA8","TA8_3","Talbot_Inlet_8_5_2021","Talbot Inlet",5,"207","8/4/21","77.89075","-78.39375","Talbot_out","August","Marine","Summer",2021,5.424,"TA8_3","29.59714071","1.1","0.03","0.39","0.09","4.6","4.6144","-0.15706425","5","388.3815309","4.127899974","1.869381213","0.00236193","1023.778873","1.1","7.31","-","3.48","-","yes, rerunning","3>x<10","Talbot Inlet","Strongly Tidewater-Glacier-Influenced","0-50 m","Strongly Tidewater-Glacier-Influenced","No Upwelling, 0-50m","No upwelling, upper 50m, beyond 5km","Upwelling"
